{"cameraMode":{"drawMode":0,"name":"Shaded","section":"Shading Mode"},"sceneLighting":false,"audioPlay":false,"sceneViewState":{"m_AlwaysRefresh":false,"showFog":true,"showSkybox":false,"showFlares":true,"showImageEffects":true,"showParticleSystems":true,"showVisualEffectGraphs":true,"m_FxEnabled":true},"in2DMode":false,"pivot":{"x":-0.5207839012145996,"y":1.6326297521591187,"z":-0.4743385314941406},"rotation":{"x":-0.3186410665512085,"y":-0.009386478923261166,"z":0.0031555353198200466,"w":-0.9478302001953125},"size":6.167046546936035,"orthographic":false}