{"cameraMode":{"drawMode":0,"name":"Shaded","section":"Shading Mode"},"sceneLighting":true,"audioPlay":false,"sceneViewState":{"m_AlwaysRefresh":false,"showFog":true,"showSkybox":true,"showFlares":true,"showImageEffects":true,"showParticleSystems":true,"showVisualEffectGraphs":true,"m_FxEnabled":true},"in2DMode":false,"pivot":{"x":42.65790557861328,"y":-7.1950531005859379,"z":26.110336303710939},"rotation":{"x":-0.5322984457015991,"y":0.0017753884894773365,"z":-0.0011162078008055688,"w":-0.8465617895126343},"size":50.328407287597659,"orthographic":false}