{"cameraMode":{"drawMode":0,"name":"Shaded","section":"Shading Mode"},"sceneLighting":false,"audioPlay":false,"sceneViewState":{"m_AlwaysRefresh":false,"showFog":true,"showSkybox":false,"showFlares":true,"showImageEffects":true,"showParticleSystems":true,"showVisualEffectGraphs":true,"m_FxEnabled":true},"in2DMode":false,"pivot":{"x":2.036526918411255,"y":4.698977947235107,"z":0.16189861297607423},"rotation":{"x":-0.1571551412343979,"y":-0.005335706751793623,"z":0.0008494044886901975,"w":-0.9875658750534058},"size":7.967217922210693,"orthographic":false}