{"cameraMode":{"drawMode":0,"name":"Shaded","section":"Shading Mode"},"sceneLighting":false,"audioPlay":false,"sceneViewState":{"m_AlwaysRefresh":false,"showFog":true,"showSkybox":false,"showFlares":true,"showImageEffects":true,"showParticleSystems":true,"showVisualEffectGraphs":true,"m_FxEnabled":true},"in2DMode":false,"pivot":{"x":-0.7436687350273132,"y":7.336833477020264,"z":-5.926603317260742},"rotation":{"x":-0.06325782090425492,"y":0.018558917567133905,"z":-0.0011764278169721366,"w":-0.9978309869766235},"size":9.054437637329102,"orthographic":false}